<?xml version="1.0" encoding="UTF-8"?>
<!DOCTYPE editor-preferences PUBLIC "-//NetBeans//DTD Editor Preferences 1.0//EN" "http://www.netbeans.org/dtds/EditorPreferences-1_0.dtd">
<editor-preferences>
    <entry javaType="java.lang.Boolean" name="addLeadingStarInComment" xml:space="preserve">
        <value><![CDATA[false]]></value>
    </entry>
    <entry javaType="java.lang.String" name="continuationIndentSize" xml:space="preserve">
        <value><![CDATA[2]]></value>
    </entry>
    <entry javaType="java.lang.Boolean" name="enableCommentFormatting" xml:space="preserve">
        <value><![CDATA[false]]></value>
    </entry>
    <entry javaType="java.lang.Boolean" name="expand-tabs" xml:space="preserve">
        <value><![CDATA[false]]></value>
    </entry>
    <entry javaType="java.lang.Integer" name="indent-shift-width" xml:space="preserve">
        <value><![CDATA[2]]></value>
    </entry>
    <entry javaType="java.lang.String" name="javaAutoCompletionTriggers" xml:space="preserve">
        <value><![CDATA[[.abcdefghijklmnopqrstuvwxyzABCDEFGHIJKLMNOPQRSTUVXYZ]]]></value>
    </entry>
    <entry javaType="java.lang.Boolean" name="javaAutoPopupOnIdentifierPart" xml:space="preserve">
        <value><![CDATA[false]]></value>
    </entry>
    <entry javaType="java.lang.Boolean" name="spaceWithinAnnotationParens" xml:space="preserve">
        <value><![CDATA[true]]></value>
    </entry>
    <entry javaType="java.lang.Boolean" name="spaceWithinArrayIndexBrackets" xml:space="preserve">
        <value><![CDATA[true]]></value>
    </entry>
    <entry javaType="java.lang.Boolean" name="spaceWithinArrayInitBrackets" xml:space="preserve">
        <value><![CDATA[true]]></value>
    </entry>
    <entry javaType="java.lang.Boolean" name="spaceWithinBraces" xml:space="preserve">
        <value><![CDATA[true]]></value>
    </entry>
    <entry javaType="java.lang.Boolean" name="spaceWithinCatchParens" xml:space="preserve">
        <value><![CDATA[true]]></value>
    </entry>
    <entry javaType="java.lang.Boolean" name="spaceWithinForParens" xml:space="preserve">
        <value><![CDATA[true]]></value>
    </entry>
    <entry javaType="java.lang.Boolean" name="spaceWithinIfParens" xml:space="preserve">
        <value><![CDATA[true]]></value>
    </entry>
    <entry javaType="java.lang.Boolean" name="spaceWithinLambdaParens" xml:space="preserve">
        <value><![CDATA[true]]></value>
    </entry>
    <entry javaType="java.lang.Boolean" name="spaceWithinMethodCallParens" xml:space="preserve">
        <value><![CDATA[true]]></value>
    </entry>
    <entry javaType="java.lang.Boolean" name="spaceWithinMethodDeclParens" xml:space="preserve">
        <value><![CDATA[true]]></value>
    </entry>
    <entry javaType="java.lang.Boolean" name="spaceWithinParens" xml:space="preserve">
        <value><![CDATA[true]]></value>
    </entry>
    <entry javaType="java.lang.Boolean" name="spaceWithinSwitchParens" xml:space="preserve">
        <value><![CDATA[true]]></value>
    </entry>
    <entry javaType="java.lang.Boolean" name="spaceWithinSynchronizedParens" xml:space="preserve">
        <value><![CDATA[true]]></value>
    </entry>
    <entry javaType="java.lang.Boolean" name="spaceWithinTryParens" xml:space="preserve">
        <value><![CDATA[true]]></value>
    </entry>
    <entry javaType="java.lang.Boolean" name="spaceWithinTypeCastParens" xml:space="preserve">
        <value><![CDATA[true]]></value>
    </entry>
    <entry javaType="java.lang.Boolean" name="spaceWithinWhileParens" xml:space="preserve">
        <value><![CDATA[true]]></value>
    </entry>
    <entry javaType="java.lang.Integer" name="spaces-per-tab" xml:space="preserve">
        <value><![CDATA[2]]></value>
    </entry>
    <entry javaType="java.lang.Integer" name="tab-size" xml:space="preserve">
        <value><![CDATA[2]]></value>
    </entry>
    <entry javaType="java.lang.Boolean" name="wrapCommentText" xml:space="preserve">
        <value><![CDATA[false]]></value>
    </entry>
    <entry javaType="java.lang.Boolean" name="wrapOneLineComment" xml:space="preserve">
        <value><![CDATA[false]]></value>
    </entry>
    <entry name="code-folding-collapse-innerclass" remove="true"/>
    <entry name="code-folding-collapse-javadoc" remove="true"/>
    <entry name="code-folding-collapse-method" remove="true"/>
    <entry name="pair-characters-completion" remove="true"/>
    <entry name="show-deprecated-members" remove="true"/>
</editor-preferences>
